{"loss": [0.693345308303833, 0.6931533217430115, 0.6933287978172302, 0.5086345076560974, 0.10586617887020111, 0.01994161866605282, 0.0024729580618441105, 0.0010157956276088953, 0.0006146557279862463, 0.0003367002645973116, 0.00041202071588486433, 0.00023030478041619062, 0.00028169716824777424, 0.00021142973855603486, 0.0001299284485867247, 0.0001192728232126683, 0.00013975088950246572, 9.265408880310133e-05, 9.154942381428555e-05, 6.579112232429907e-05], "binary_accuracy": [0.1460905373096466, 0.34953704476356506, 0.6021090745925903, 0.8317901492118835, 0.9722222089767456, 0.9953703880310059, 0.9997428059577942, 1.0, 1.0, 1.0, 1.0, 1.0, 1.0, 1.0, 1.0, 1.0, 1.0, 1.0, 1.0, 1.0], "val_loss": [0.7055264711380005, 0.6422287821769714, 0.6131665110588074, 0.12301116436719894, 0.12614110112190247, 0.17138230800628662, 0.17804506421089172, 0.15542283654212952, 0.15308630466461182, 0.1487538367509842, 0.15214519202709198, 0.15296094119548798, 0.15711869299411774, 0.16157782077789307, 0.16522426903247833, 0.1671464741230011, 0.1723647117614746, 0.17502285540103912, 0.17793391644954681, 0.18069371581077576], "val_binary_accuracy": [0.13437312841415405, 0.865626871585846, 0.865626871585846, 0.9634073376655579, 0.9772045612335205, 0.9784043431282043, 0.9790042042732239, 0.9784043431282043, 0.9790042042732239, 0.9784043431282043, 0.9790042042732239, 0.9790042042732239, 0.9790042042732239, 0.9790042042732239, 0.9790042042732239, 0.9790042042732239, 0.9790042042732239, 0.9790042042732239, 0.9790042042732239, 0.9790042042732239]}