{"loss": [0.5026288628578186, 0.12164987623691559, 0.05459502711892128, 0.038342613726854324, 0.05608896538615227, 0.016636766493320465, 0.005358499474823475, 0.002767927711829543, 0.0022287864703685045, 0.002057516248896718, 0.0018590000690892339, 0.0017589395865797997, 0.0017117480747401714, 0.0015696452464908361, 0.001446902984753251, 0.0017400269862264395, 0.0018736087949946523, 0.0018673434387892485, 0.0015646903775632381, 0.0017481951508671045], "binary_accuracy": [0.8197016716003418, 0.9794238805770874, 0.9925411343574524, 0.9920267462730408, 0.991769552230835, 0.9976851940155029, 0.9997428059577942, 0.9997428059577942, 0.9997428059577942, 0.9997428059577942, 0.9997428059577942, 0.9997428059577942, 0.9997428059577942, 0.9997428059577942, 0.9997428059577942, 0.9997428059577942, 0.9997428059577942, 0.9997428059577942, 0.9997428059577942, 0.9997428059577942], "val_loss": [0.3142710030078888, 0.45163649320602417, 0.28235486149787903, 0.5297773480415344, 0.09083416312932968, 0.1212974488735199, 0.174043670296669, 0.19197848439216614, 0.19932210445404053, 0.20962801575660706, 0.2145758420228958, 0.21959930658340454, 0.22473536431789398, 0.2246178388595581, 0.22740015387535095, 0.23359514772891998, 0.231316938996315, 0.23389510810375214, 0.23187613487243652, 0.23075388371944427], "val_binary_accuracy": [0.9430114030838013, 0.9352129697799683, 0.8908218145370483, 0.9508098363876343, 0.9772045612335205, 0.9754049181938171, 0.9736052751541138, 0.9736052751541138, 0.9736052751541138, 0.9736052751541138, 0.9736052751541138, 0.9736052751541138, 0.9736052751541138, 0.9736052751541138, 0.9736052751541138, 0.9724054932594299, 0.9724054932594299, 0.9724054932594299, 0.9724054932594299, 0.9724054932594299]}