{"loss": [0.4152335822582245, 0.1855783462524414, 0.10839592665433884, 0.035793278366327286, 0.0141878891736269, 0.01642264425754547, 0.42157289385795593, 0.0672643780708313, 0.01684059388935566, 0.008081227540969849, 0.004804023541510105, 0.003497024066746235, 0.002625092165544629, 0.002155302558094263, 0.001736225443892181, 0.0015014356467872858, 0.0010833359556272626, 0.0009825736051425338, 0.0008471469627693295, 0.0007870225235819817], "binary_accuracy": [0.778292179107666, 0.9395576119422913, 0.9593621492385864, 0.9897119402885437, 0.9961419701576233, 0.9966563582420349, 0.911522626876831, 0.9876543283462524, 0.9987139701843262, 1.0, 1.0, 1.0, 1.0, 1.0, 1.0, 1.0, 1.0, 1.0, 1.0, 1.0], "val_loss": [0.29942670464515686, 0.11285493522882462, 0.18330185115337372, 0.13043582439422607, 0.5635904669761658, 0.15791189670562744, 0.14165982604026794, 0.12855149805545807, 0.1349964588880539, 0.18659327924251556, 0.19527515769004822, 0.2099100649356842, 0.21236935257911682, 0.21750475466251373, 0.22305764257907867, 0.22806748747825623, 0.22664541006088257, 0.23615321516990662, 0.24045443534851074, 0.2396913319826126], "val_binary_accuracy": [0.9100179672241211, 0.9718056321144104, 0.9496100544929504, 0.9718056321144104, 0.8326334953308105, 0.9670066237449646, 0.9598080515861511, 0.9538092613220215, 0.9640071988105774, 0.954409122467041, 0.9538092613220215, 0.9538092613220215, 0.954409122467041, 0.9550089836120605, 0.9550089836120605, 0.9562087655067444, 0.9568086266517639, 0.9568086266517639, 0.9574085474014282, 0.9574085474014282]}