{"loss": [0.2053673416376114, 0.08455810695886612, 0.046598874032497406, 0.019087670370936394, 0.04150807112455368, 0.03147851675748825, 0.023914923891425133, 0.026716159656643867, 0.017022419720888138, 0.06124649569392204, 0.04983091726899147, 0.041642967611551285, 0.05251401662826538, 0.039331454783678055, 0.03153615444898605, 0.012930469587445259, 0.004939123522490263, 0.018488921225070953, 0.019445933401584625, 0.00923791341483593], "binary_accuracy": [0.9408436417579651, 0.9853395223617554, 0.9912551641464233, 0.9969135522842407, 0.9907407164573669, 0.9925411343574524, 0.9933127760887146, 0.9981995820999146, 0.9956275820732117, 0.9920267462730408, 0.9879115223884583, 0.9930555820465088, 0.9884259104728699, 0.9912551641464233, 0.994084358215332, 0.9976851940155029, 0.998971164226532, 0.9956275820732117, 0.9958847761154175, 0.9974279999732971], "val_loss": [0.12883388996124268, 0.09654557704925537, 0.095823273062706, 0.11677159368991852, 0.09191758930683136, 0.08106362074613571, 0.05844802409410477, 0.15941406786441803, 0.1239536851644516, 0.17388203740119934, 0.06655248254537582, 0.06620170176029205, 0.08541572839021683, 0.12157358229160309, 0.11175143718719482, 0.11682789772748947, 0.11921883374452591, 0.225740447640419, 0.11452235281467438, 0.10592682659626007], "val_binary_accuracy": [0.9754049181938171, 0.9826034903526306, 0.9850029945373535, 0.985602855682373, 0.9826034903526306, 0.9850029945373535, 0.9904019236564636, 0.9670066237449646, 0.9850029945373535, 0.9784043431282043, 0.984403133392334, 0.9838032126426697, 0.9862027764320374, 0.984403133392334, 0.9832033514976501, 0.984403133392334, 0.985602855682373, 0.9826034903526306, 0.9820035696029663, 0.9838032126426697]}